Model,precision,recall,f1_score
TF-IDF,0.08,0.13333333333333333,0.1
BERT,0.16,0.3333333333333333,0.21428571428571433
